laptop_name,laptop_url,laptop_price,laptop_manufacturer,laptop_display_size,laptop_resolution,laptop_processor_class,laptop_processor_gen,laptop_ram_type,laptop_ram,laptop_storage,laptop_graphic_card,laptop_graphic_card_memory
Asus X509MA-BQ339T Silver 90NB0Q31-M06410,https://www.senukai.lt/p/asus-x509ma-bq339t-silver-90nb0q31-m06410/f571?cat=5ei&index=1,399,Asus,"15.6 """,1920 x 1080,Pentium®,Gemini Lake (Intel),DDR4,4,256,Intel UHD Graphics 605,Dynamic
Lenovo IdeaPad 3-15ADA 81W1005LPB,https://www.senukai.lt/p/lenovo-ideapad-3-15ada-81w1005lpb/ezz6?cat=5ei&index=2,499.99,Lenovo,"15.6 """,1920 x 1080,AMD Ryzen 3,,DDR4,8,256,,Dynamic
HP 250 G7 Silver 6BP19EA#ABB,https://www.senukai.lt/p/hp-250-g7-silver-6bp19ea-abb/b5d4?cat=5ei&index=3,539.99,HP,"15.6 """,1920 x 1080,Intel® Core™ i5,Whiskey Lake (Intel),DDR4,8,256,Intel® UHD Graphics 620,Dynamic
Lenovo ThinkPad E15 Gen 2 Black 20T8000RMH,https://www.senukai.lt/p/lenovo-thinkpad-e15-gen-2-black-20t8000rmh/enn4?cat=5ei&index=4,907,Lenovo,"15.6 """,1920 x 1080,AMD Ryzen 7,AMD Ryzen™ (AMD),DDR4,16,256,,Dynamic
Nešiojamas kompiuteris Asus Tuf gaming FX505DT,https://www.senukai.lt/p/nesiojamas-kompiuteris-asus-tuf-gaming-fx505dt/eoog?cat=5ei&index=5,759.99,Asus,"15.6 """,1920 x 1080,AMD Ryzen 5,Raven Ridge (AMD),DDR4,8,256,GeForce GTX 1650,4 GB GDDR5
MSI GF65 Thin 9SEXR-261XPL PL,https://www.senukai.lt/p/msi-gf65-thin-9sexr-261xpl-pl/ebar?cat=5ei&index=6,969.99,MSI,"15.6 """,1920 x 1080,Intel® Core™ i5,Coffee Lake (Intel),DDR4,8,512,GeForce RTX 2060,6 GB GDDR6
Asus X543MA-DM621 Grey,https://www.senukai.lt/p/asus-x543ma-dm621-grey/cv86?cat=5ei&index=7,349,Asus,"15.6 """,1920 x 1080,Celeron®,Gemini Lake (Intel),DDR4,4,256,Intel® UHD Graphics 600,Dynamic
Asus ZenBook 13 UX325JA-EG155R Lilac Mist EN,https://www.senukai.lt/p/asus-zenbook-13-ux325ja-eg155r-lilac-mist-en/f13s?cat=5ei&index=8,894.7,Asus,"13.3 """,1920 x 1080,Intel® Core™ i5,Ice Lake (Intel),DDR4,8,512,Intel UHD Graphics,Dynamic
Asus ZenBook 14 UM433IQ Light Grey 90NB0R89-M00840,https://www.senukai.lt/p/asus-zenbook-14-um433iq-light-grey-90nb0r89-m00840/f11y?cat=5ei&index=9,817.99,Asus,"14 """,1920 x 1080,AMD Ryzen 5,,DDR4,8,512,,Dynamic
Lenovo IdeaPad L340-15IRH Gaming 81LK00GVLT,https://www.senukai.lt/p/lenovo-ideapad-l340-15irh-gaming-81lk00gvlt/e27q?cat=5ei&index=10,699.99,Lenovo,"15.6 """,1920 x 1080,Intel® Core™ i5,Coffee Lake (Intel),DDR4,8,256,GeForce GTX 1650,4 GB GDDR5
"Apple MacBook Air 13.3"" Retina DC / i3 1.1GHz / 8GB / 256 SSD / ENG Space Gray",https://www.senukai.lt/p/apple-macbook-air-13-3-retina-dc-i3-1-1ghz-8gb-256-ssd-eng-space-gray/eket?cat=5ei&index=11,1139.99,Apple,"13.3 """,2560 x 1600,,,,8,256,Iris Plus,Dynamic
Lenovo V15 Iron Gray 82C7000TPB PL,https://www.senukai.lt/p/lenovo-v15-iron-gray-82c7000tpb-pl/eg93?cat=5ei&index=12,559.99,Lenovo,"15.6 """,1920 x 1080,AMD Ryzen 3,AMD Ryzen™ (AMD),DDR4,8,256,Radeon Vega 3,Dynamic
Lenovo IdeaPad 5-15IIL Granite Black 81YK0066PB PL,https://www.senukai.lt/p/lenovo-ideapad-5-15iil-granite-black-81yk0066pb-pl/ep88?cat=5ei&index=13,689.99,Lenovo,"15.6 """,1920 x 1080,Intel® Core™ i5,Ice Lake (Intel),DDR4,8,512,Intel UHD Graphics,Dynamic
Lenovo IdeaPad 3-15IIL Grey 81WE0063PB PL,https://www.senukai.lt/p/lenovo-ideapad-3-15iil-grey-81we0063pb-pl/ep8p?cat=5ei&index=14,619.99,Lenovo,"15.6 """,1920 x 1080,Intel® Core™ i5,Ice Lake (Intel),DDR4,8,256,Intel UHD Graphics,Dynamic
Lenovo IdeaPad 3-17 AMD Platinum Gray 81W20017PB PL,https://www.senukai.lt/p/lenovo-ideapad-3-17-amd-platinum-gray-81w20017pb-pl/ekkb?cat=5ei&index=15,549.99,Lenovo,"17.3 """,1600 x 900,AMD Athlon,AMD Athlon™ (AMD),DDR4,4,256,AMD Graphics,Dynamic
Lenovo ThinkPad L13 Black 20R30005MH,https://www.senukai.lt/p/lenovo-thinkpad-l13-black-20r30005mh/dddq?cat=5ei&index=16,959.99,Lenovo,"13.3 """,1920 x 1080,Intel® Core™ i5,Comet Lake (Intel),DDR4,8,256,Intel UHD Graphics,Dynamic
Nešiojamas kompiuteris Asus VivoBook D509DA Slate Gray,https://www.senukai.lt/p/nesiojamas-kompiuteris-asus-vivobook-d509da-slate-gray/f570?cat=5ei&index=17,405.99,Asus,"15.6 """,1920 x 1080,AMD Ryzen 3,,DDR4,4,256,Radeon Vega 8,Dynamic
Lenovo Ideapad S540-14API 81NH003TPB Mineral Grey,https://www.senukai.lt/p/lenovo-ideapad-s540-14api-81nh003tpb-mineral-grey/co3n?cat=5ei&index=18,619.99,Lenovo,"14 """,1920 x 1080,AMD Ryzen 5,AMD Ryzen™ (AMD),DDR4,8,256,Radeon Vega 8,Dynamic
Lenovo IdeaPad 5-15ARE Platinum Grey 81YQ008FLT,https://www.senukai.lt/p/lenovo-ideapad-5-15are-platinum-grey-81yq008flt/f11x?cat=5ei&index=19,456.99,Lenovo,"15.6 """,1920 x 1080,AMD Ryzen 3,,DDR4,4,128,,Dynamic
Lenovo Legion 5-15 81Y600DTLT,https://www.senukai.lt/p/lenovo-legion-5-15-81y600dtlt/f3as?cat=5ei&index=20,964.99,Lenovo,"15.6 """,1920 x 1080,Intel® Core™ i5,Comet Lake (Intel),DDR4,8,256,GeForce GTX 1660 Ti,6 GB GDDR6
Asus ZenBook 14 UX425JA-HM254T Pine Grey,https://www.senukai.lt/p/asus-zenbook-14-ux425ja-hm254t-pine-grey/f2lo?cat=5ei&index=21,930.01,Asus,"14 """,1920 x 1080,Intel® Core™ i5,Ice Lake (Intel),LPDDR3,8,512,Intel UHD Graphics,Dynamic
Lenovo IdeaPad L340-15IRH Gaming 81LK01CGPB PL,https://www.senukai.lt/p/lenovo-ideapad-l340-15irh-gaming-81lk01cgpb-pl/ezyj?cat=5ei&index=22,1047.49,Lenovo,"15.6 """,1920 x 1080,Intel® Core™ i7,Coffee Lake (Intel),DDR4,8,512,GeForce GTX 1050,3 GB GDDR5
Lenovo IdeaPad 3-15IMH 81Y400JJPB,https://www.senukai.lt/p/lenovo-ideapad-3-15imh-81y400jjpb/ezx3?cat=5ei&index=23,925.49,Lenovo,"15.6 """,1920 x 1080,Intel® Core™ i5,Ice Lake (Intel),DDR4,8,512,GeForce GTX 1650 Ti,4 GB GDDR6
Asus ROG Strix SCAR III G531GU-AZ419T PL,https://www.senukai.lt/p/asus-rog-strix-scar-iii-g531gu-az419t-pl/do5x?cat=5ei&index=24,1547.96,Asus,"15.6 """,1920 x 1080,Intel® Core™ i7,Coffee Lake (Intel),DDR4,16,1000,GeForce GTX 1660 Ti,6 GB GDDR6
Asus ZenBook 13 UX325JA-AH090R EN,https://www.senukai.lt/p/asus-zenbook-13-ux325ja-ah090r-en/eyzp?cat=5ei&index=25,978.99,Asus,"13.3 """,1920 x 1080,Intel® Core™ i5,Ice Lake (Intel),LPDDR4X,8,512,Intel UHD Graphics,Dynamic
Huawei MateBook 13 2020 Grey 53010UHU PL,https://www.senukai.lt/p/huawei-matebook-13-2020-grey-53010uhu-pl/eg3r?cat=5ei&index=26,903,Huawei,"13 """,2160 x 1440,Intel® Core™ i5,Comet Lake (Intel),LPDDR3,8,512,Intel UHD Graphics,Dynamic
Asus VivoBook Flip 14 Bespoke Black TM420IA-EC134T,https://www.senukai.lt/p/asus-vivobook-flip-14-bespoke-black-tm420ia-ec134t/f7bj?cat=5ei&index=27,589.99,Asus,"14 """,1920 x 1080,AMD Ryzen 3,AMD Ryzen™ (AMD),DDR4,4,256,,Dynamic
Lenovo IdeaPad 3-15 ILL Grey 81WE00H6PB,https://www.senukai.lt/p/lenovo-ideapad-3-15-ill-grey-81we00h6pb/ey02?cat=5ei&index=28,529.99,Lenovo,"15.6 """,1920 x 1080,Intel® Core™ i3,Ice Lake (Intel),DDR4,8,256,Intel UHD Graphics,Dynamic
Dell Latitude 5400 Black i5 8/256GB UHD W10P,https://www.senukai.lt/p/dell-latitude-5400-black-i5-8-256gb-uhd-w10p/eez1?cat=5ei&index=29,855.47,Dell,"14 """,1920 x 1080,Intel® Core™ i5,Whiskey Lake (Intel),DDR4,8,256,Intel UHD Graphics,Dynamic
Lenovo IdeaPad 3-15IIL Grey 81WE0048PB PL,https://www.senukai.lt/p/lenovo-ideapad-3-15iil-grey-81we0048pb-pl/eopc?cat=5ei&index=30,695.99,Lenovo,"15.6 """,1920 x 1080,Intel® Core™ i5,Ice Lake (Intel),DDR4,8,512,Intel UHD Graphics,Dynamic
Lenovo IdeaPad 5-15ARE Platinum Grey 81YQ008HLT EN,https://www.senukai.lt/p/lenovo-ideapad-5-15are-platinum-grey-81yq008hlt-en/ewh9?cat=5ei&index=31,558.99,Lenovo,"15.6 """,1920 x 1080,AMD Ryzen 3,,DDR4,8,256,,Dynamic
Lenovo Ideapad S540-14API Grey 81NH004APB PL,https://www.senukai.lt/p/lenovo-ideapad-s540-14api-grey-81nh004apb-pl/cyfc?cat=5ei&index=32,719.99,Lenovo,"14 """,1920 x 1080,AMD Ryzen 5,AMD Ryzen™ (AMD),DDR4,8,256,Radeon Vega 8,Dynamic
Lenovo ThinkPad P53s Black 20N60032MH,https://www.senukai.lt/p/lenovo-thinkpad-p53s-black-20n60032mh/crrz?cat=5ei&index=33,1877.77,Lenovo,"15.6 """,1920 x 1080,Intel® Core™ i7,Whiskey Lake (Intel),DDR4,32,512,Quadro P5200,2 GB GDDR5
Huawei MateBook D14 R5/8GB/512GB/W10,https://www.senukai.lt/p/huawei-matebook-d14-r5-8gb-512gb-w10/do63?cat=5ei&index=34,673.36,Huawei,"14 """,1920 x 1080,AMD Ryzen 5,AMD Ryzen™ (AMD),DDR4,8,512,Radeon Vega 8,Dynamic
Nešiojamas kompiuteris Lenovo L340 I5,https://www.senukai.lt/p/nesiojamas-kompiuteris-lenovo-l340-i5/c43z?cat=5ei&index=35,629.99,Lenovo,"15.6 """,1920 x 1080,Intel® Core™ i5,Coffee Lake (Intel),DDR4,8,256,GeForce GTX 1050,3 GB GDDR5
Nešiojamas kompiuteris Asus Zenbook UX533fac I5 W10,https://www.senukai.lt/p/nesiojamas-kompiuteris-asus-zenbook-ux533fac-i5-w10/f2vy?cat=5ei&index=36,999,Asus,"15.6 """,1080x1920,Intel® Core™ i5,,DDR4,8,512,Intel HD Graphics 620,
Nešiojamas kompiuteris Asus ZenBook 14 UM431DA Blue,https://www.senukai.lt/p/nesiojamas-kompiuteris-asus-zenbook-14-um431da-blue/czgx?cat=5ei&index=37,849,Asus,"14 """,1920 x 1080,AMD Ryzen 5,AMD Ryzen™ (AMD),DDR4,8,512,Radeon Vega 8,Dynamic
Nešiojamas kompiuteris Acer Aspire 3 A315-56 Juoda,https://www.senukai.lt/p/nesiojamas-kompiuteris-acer-aspire-3-a315-56-juoda/eh93?cat=5ei&index=38,629,Acer,"15.6 """,1920 x 1080,Intel® Core™ i3,Ice Lake (Intel),DDR4,4,512,Intel UHD Graphics,Dynamic
Nešiojamas kompiuteris Dell 15 3593 I3 Silver W10,https://www.senukai.lt/p/nesiojamas-kompiuteris-dell-15-3593-i3-silver-w10/f2yb?cat=5ei&index=39,619,Dell,"15.6 """,1080x1920,Intel® Core™ i3,,DDR4,8,512,Intel UHD Graphics,
HP 250 G7 Silver 15-250441708256G7K1DX,https://www.senukai.lt/p/hp-250-g7-silver-15-250441708256g7k1dx/f8nz?cat=5ei&index=40,387.33,HP,"15.6 """,1920 x 1080,Pentium®,Kaby Lake R (Intel),DDR4,8,256,Intel HD Graphics 610,Dynamic
Kompiuteris Lenovo Gaming 3 R5 W10,https://www.senukai.lt/p/kompiuteris-lenovo-gaming-3-r5-w10/f5bp?cat=5ei&index=41,799,Lenovo,"15.6 """,1080x1920,AMD Ryzen 5,,DDR4,8,256,GeForce GTX 1650,
Nešiojamas kompiuteris Huawei MateBook D15 R5 W10 Grey,https://www.senukai.lt/p/nesiojamas-kompiuteris-huawei-matebook-d15-r5-w10-grey/f08d?cat=5ei&index=42,699,Huawei,"15.6 """,1920 x 1080,AMD Ryzen 5,AMD Ryzen™ (AMD),DDR4,8,256,Radeon Vega 8,Dynamic
Nešiojamas kompiuteris Lenovo IP 3 I3 256GB W10,https://www.senukai.lt/p/nesiojamas-kompiuteris-lenovo-ip-3-i3-256gb-w10/f4ku?cat=5ei&index=43,599,Lenovo,"15.6 """,1080x1920,Intel® Core™ i3,,DDR4 (SO-DIMM),8,256,Intel UHD Graphics,
Nešiojamas kompiuteris HP 15-db1037 Ryzen 3 256gb W10,https://www.senukai.lt/p/nesiojamas-kompiuteris-hp-15-db1037-ryzen-3-256gb-w10/f3ae?cat=5ei&index=44,579,HP,"15.6 """,1080x1920,AMD Ryzen 3,,DDR4,4,256,AMD Graphics,
Kompiuteris nešiojamas MSI GL65 Leopard I5 DOS,https://www.senukai.lt/p/kompiuteris-nesiojamas-msi-gl65-leopard-i5-dos/f2xm?cat=5ei&index=45,999,MSI,"15.6 """,1920 x 1080,Intel® Core™ i5,Coffee Lake (Intel),DDR4,8,512,GeForce GTX 1650,4 GB GDDR5
Lenovo IdeaPad 3-15ADA 81W100B6PB,https://www.senukai.lt/p/lenovo-ideapad-3-15ada-81w100b6pb/ezxd?cat=5ei&index=46,586.99,Lenovo,"15.6 """,1920 x 1080,AMD Ryzen 5,,DDR4,8,512,,Dynamic
Kompiuteris Lenovo L340 i5 512GB DOS,https://www.senukai.lt/p/kompiuteris-lenovo-l340-i5-512gb-dos/f4kw?cat=5ei&index=47,799,Lenovo,"15.6 """,1080x1920,Intel® Core™ i5,,DDR4,8,512,GeForce GTX 1050,3 GB GDDR5
Kompiuteris nešiojamas Asus TUF Gaming FX505GT I5 W10,https://www.senukai.lt/p/kompiuteris-nesiojamas-asus-tuf-gaming-fx505gt-i5-w10/f48w?cat=5ei&index=48,999,Asus,"15.6 """,1080x1920,Intel® Core™ i5,Coffee Lake (Intel),DDR4,8,512,GeForce GTX 1650,4 GB GDDR5
Lenovo IdeaPad 3-15ADA 81W1005KPB,https://www.senukai.lt/p/lenovo-ideapad-3-15ada-81w1005kpb/f7we,498.99,Lenovo,"15.6 """,1920 x 1080,AMD Ryzen 3,,DDR4,4,256,Radeon Vega 3,Dynamic
Kompiuteris nešiojamas Lenovo IP C340-14 I5 DOS,https://www.senukai.lt/p/kompiuteris-nesiojamas-lenovo-ip-c340-14-i5-dos/f4kx,799,Lenovo,"14 """,1080x1920,Intel® Core™ i5,,DDR4,8,512,Intel UHD Graphics,
Lenovo ThinkPad E14 Black 20T6000UPB PL,https://www.senukai.lt/p/lenovo-thinkpad-e14-black-20t6000upb-pl/f2xk,804.99,Lenovo,"14 """,1920 x 1080,AMD Ryzen 3,Comet Lake (Intel),DDR4,8,256,,Dynamic
Kompiuteris Lenovo Y540-15irh i5 DOS,https://www.senukai.lt/p/kompiuteris-lenovo-y540-15irh-i5-dos/f4kv,949,Lenovo,"15.6 """,1080x1920,Intel® Core™ i5,,DDR4,8,512,GeForce GTX 1650,4 GB GDDR6
Kompiuteris nešiojamas Lenovo Thinkpad E15 R5 W10,https://www.senukai.lt/p/kompiuteris-nesiojamas-lenovo-thinkpad-e15-r5-w10/f8zc,749,Lenovo,"15.6 """,1080x1920,AMD Ryzen 5,,DDR4,8,256,AMD Graphics,
Nešiojamas kompiuteris Acer Aspire 7 A715-41G Black,https://www.senukai.lt/p/nesiojamas-kompiuteris-acer-aspire-7-a715-41g-black/ewwl,899,Acer,"15.6 """,1920 x 1080,AMD Ryzen 5,,DDR4,8,512,GeForce GTX 1650,4 GB GDDR6
Kompiuteris Asus ZenBook 14 UX433FAC Mėlyna,https://www.senukai.lt/p/kompiuteris-asus-zenbook-14-ux433fac-melyna/eg2m,999,Asus,"14 """,1920 x 1080,Intel® Core™ i5,Comet Lake (Intel),LPDDR3,8,512,Intel UHD Graphics,Dynamic
HP Pavilion Gaming 15-dk0007nw 6WN79EA PL,https://www.senukai.lt/p/hp-pavilion-gaming-15-dk0007nw-6wn79ea-pl/ej9k,922,HP,"15.6 """,1920 x 1080,Intel® Core™ i5,Coffee Lake (Intel),SODIMM,8,256,GeForce GTX 1050 Ti,4 GB GDDR5
Lenovo IdeaPad 3-14IML Grey 81WA005NPB,https://www.senukai.lt/p/lenovo-ideapad-3-14iml-grey-81wa005npb/exyl,664.99,Lenovo,"14 """,1920 x 1080,Intel® Core™ i5,Comet Lake (Intel),DDR4,8,256,GeForce MX330,2 GB GDDR5
Nešiojamas kompiuteris Asus ExpertBook 90NX02K1 Black,https://www.senukai.lt/p/nesiojamas-kompiuteris-asus-expertbook-90nx02k1-black/em5a,1599,Asus,"14 """,1920 x 1080,Intel® Core™ i5,Comet Lake (Intel),LPDDR3,8,512,Intel UHD Graphics,Dynamic
"Apple MacBook Air 13.3"" Retina DC / i3 1.1GHz / 8GB / 256 SSD / ENG Silver",https://www.senukai.lt/p/apple-macbook-air-13-3-retina-dc-i3-1-1ghz-8gb-256-ssd-eng-silver/ekex,1409,Apple,"13.3 """,2560 x 1600,Intel® Core™ i3,Ice Lake (Intel),LPDDR4X,8,256,Iris Plus,Dynamic
Dell G5 15 5500-4809 Black PL,https://www.senukai.lt/p/dell-g5-15-5500-4809-black-pl/er72,1244,Dell,"15.6 """,1920 x 1080,Intel® Core™ i7,Comet Lake (Intel),DDR4,8,512,GeForce GTX 1650 Ti,4 GB GDDR6
Dell Inspiron 13 7391 2 in 1 Black 273383923,https://www.senukai.lt/p/dell-inspiron-13-7391-2-in-1-black-273383923/ehkc,1652,Dell,"13.3 """,3840 x 2160,Intel® Core™ i7,Comet Lake (Intel),LPDDR3,16,512,Intel UHD Graphics,Dynamic
Acer Nitro 5 AN515-54 Full HD SSD GTX Coffe Lake H i5,https://www.senukai.lt/p/acer-nitro-5-an515-54-full-hd-ssd-gtx-coffe-lake-h-i5/bgo9,1066.39,Acer,"15.6 """,1920 x 1080,Intel® Core™ i5,Coffee Lake H (Intel),DDR4,8,256,GeForce GTX 1650,4 GB GDDR5
Nešiojamas kompiuteris Acer Aspire 7 A715-41G Charcoal Black,https://www.senukai.lt/p/nesiojamas-kompiuteris-acer-aspire-7-a715-41g-charcoal-black/ewym,999,Acer,"15.6 """,1920 x 1080,AMD Ryzen 7,,DDR4,8,512,GeForce GTX 1650Ti,4 GB GDDR6
Lenovo V15-IIL 82C50075MH,https://www.senukai.lt/p/lenovo-v15-iil-82c50075mh/e4ye,561.79,Lenovo,"15.6 """,1920 x 1080,Intel® Core™ i5,Ice Lake (Intel),DDR4,8,256,Intel UHD Graphics,Dynamic
ASUS TUF Gaming FX505DV-AL026,https://www.senukai.lt/p/asus-tuf-gaming-fx505dv-al026/cnlv,1100,Asus,"15.6 """,1920 x 1080,AMD Ryzen 7,,DDR4,16,512,GeForce RTX 2060,6 GB GDDR6
Lenovo IdeaPad 3-17ADA Platinum Gray 81W20019PB PL,https://www.senukai.lt/p/lenovo-ideapad-3-17ada-platinum-gray-81w20019pb-pl/emij,627.49,Lenovo,"17.3 """,1600 x 900,AMD Ryzen 3,AMD Ryzen™ (AMD),DDR4,8,256,AMD Graphics,Dynamic
Apple MacBook Pro 16 Silver i7 16GB 512GB 5300M MVVL2ZE/A,https://www.senukai.lt/p/apple-macbook-pro-16-silver-i7-16gb-512gb-5300m-mvvl2ze-a/eb8d,2470.23,Apple,"16 """,3072 x 1920,Intel® Core™ i7,Coffee Lake (Intel),DDR4,16,512,AMD Radeon Pro 5300M,4 GB GDDR6
Lenovo Legion Y540-17IRH Black 81Q400G7PB PL,https://www.senukai.lt/p/lenovo-legion-y540-17irh-black-81q400g7pb-pl/eowa,1232,Lenovo,"17.3 """,1920 x 1080,Intel® Core™ i7,Coffee Lake (Intel),DDR4,8,512,GeForce GTX 1660 Ti,6 GB GDDR6
Lenovo Ideapad L340-17API Black 81LY003LPB,https://www.senukai.lt/p/lenovo-ideapad-l340-17api-black-81ly003lpb/cz60,612.28,Lenovo,"17.3 """,1920 x 1080,AMD Ryzen 5,AMD Ryzen™ (AMD),DDR4,8,256,Radeon Vega 8,Dynamic
Apple MacBook Pro 16 Space Grey i9 16GB 1TB 5500M MVVK2ZE/A,https://www.senukai.lt/p/apple-macbook-pro-16-space-grey-i9-16gb-1tb-5500m-mvvk2ze-a/eb6f,2898,Apple,"16 """,3072 x 1920,Intel Core i9,Coffee Lake (Intel),DDR4,16,1000,AMD Radeon Pro 5500M,4 GB GDDR6
Lenovo Ideapad L340-17API Black 81LY003MPB PL,https://www.senukai.lt/p/lenovo-ideapad-l340-17api-black-81ly003mpb-pl/d82l,702.16,Lenovo,"17.3 """,1920 x 1080,AMD Ryzen 5,AMD Ryzen™ (AMD),DDR4,8,256,Radeon Vega 8,Dynamic
Lenovo Legion Y540-15IRH 81SX0115PB PL,https://www.senukai.lt/p/lenovo-legion-y540-15irh-81sx0115pb-pl/emym,1277,Lenovo,"15.6 """,1920 x 1080,Intel® Core™ i7,Coffee Lake (Intel),DDR4,8,512,GeForce RTX 2060,6 GB GDDR6
Lenovo ThinkPad E15 Black 20RD0011MH,https://www.senukai.lt/p/lenovo-thinkpad-e15-black-20rd0011mh/di9i,1088.99,Lenovo,"15.6 """,1920 x 1080,Intel® Core™ i7,Comet Lake (Intel),DDR4,16,512,Radeon RX 640,2 GB GDDR5
MSI GS75 Stealth 10SF-490PL PL,https://www.senukai.lt/p/msi-gs75-stealth-10sf-490pl-pl/f8b5,2171.86,MSI,"17.3 """,1920 x 1080,Intel® Core™ i7,Comet Lake (Intel),DDR4,16,1000,GeForce RTX 2070 Max-Q,8 GB GDDR6
Lenovo Legion Y540-15IRH 81SY00HVPB PL,https://www.senukai.lt/p/lenovo-legion-y540-15irh-81sy00hvpb-pl/e3mg,1028.99,Lenovo,"15.6 """,1920 x 1080,Intel® Core™ i5,Coffee Lake (Intel),DDR4,8,512,GeForce GTX 1650,4 GB GDDR5
Lenovo Legion 5-15ARH 82B500AJPB,https://www.senukai.lt/p/lenovo-legion-5-15arh-82b500ajpb/ezxv,893.49,Lenovo,"15.6 """,1920 x 1080,AMD Ryzen 5,,DDR4,8,512,GeForce GTX 1650,4 GB GDDR6
Nešiojamas kompiuteris Asus VivoBook 14 X412DA Grey,https://www.senukai.lt/p/nesiojamas-kompiuteris-asus-vivobook-14-x412da-grey/ebap,599,Asus,"14 """,1920 x 1080,AMD Ryzen 5,AMD Ryzen™ (AMD),DDR4,8,256,Radeon Vega 8,Dynamic
Lenovo ThinkBook 14 Grey 20SL0023MH,https://www.senukai.lt/p/lenovo-thinkbook-14-grey-20sl0023mh/e4rg,861,Lenovo,"14 """,1920 x 1080,Intel® Core™ i5,Ice Lake (Intel),DDR4,16,512,Iris Plus,Dynamic
Lenovo Legion Y540-15IRH-PG0 (81SY00Q5PB) PL,https://www.senukai.lt/p/lenovo-legion-y540-15irh-pg0-81sy00q5pb-pl/eeq2,828.8,Lenovo,"15.6 """,1920 x 1080,Intel® Core™ i5,Coffee Lake (Intel),DDR4,8,256,GeForce GTX 1650,4 GB GDDR5
Lenovo ThinkPad T490s 20NX0055MH,https://www.senukai.lt/p/lenovo-thinkpad-t490s-20nx0055mh/crrx,1627.46,Lenovo,"14 """,1920 x 1080,Intel® Core™ i5,Whiskey Lake (Intel),DDR4,16,512,Intel® UHD Graphics 620,Dynamic
"Nešiojamas kompiuteris Apple MacBook AIR 13"" I5 128GB | MQD32ZE/A",https://www.senukai.lt/p/nesiojamas-kompiuteris-apple-macbook-air-13-i5-128gb-mqd32ze-a/5gb6,999,Apple,"13.3 """,1440 x 900,Intel® Core™ i5,Broadwell (Intel),DDR3,8,128,Intel HD Graphics 6000,Dynamic
Lenovo Ideapad S540-14API Grey 81NH004APB|12 PL,https://www.senukai.lt/p/lenovo-ideapad-s540-14api-grey-81nh004apb-12-pl/ex8o,761.48,Lenovo,"14 """,1920 x 1080,AMD Ryzen 5,AMD Ryzen™ (AMD),DDR4,12,256,Radeon Vega 8,Dynamic
Prestigio SmartBook 133S 3/32GB W10 Dark Grey,https://www.senukai.lt/p/prestigio-smartbook-133s-3-32gb-w10-dark-grey/eq8k,208.99,Prestigio,"13.3 """,1920 x 1080,Celeron®,Apollo Lake (Intel),DDR3L,3,32,Intel HD Graphics 500,Dynamic
Dell G3 15 3500 273405395 Black EN,https://www.senukai.lt/p/dell-g3-15-3500-273405395-black-en/etcz,1381.93,Dell,"15.6 """,1920 x 1080,Intel® Core™ i7,Comet Lake (Intel),DDR4,16,512,GeForce GTX 1650 Ti,4 GB GDDR6
Dell Inspiron 15 3593 Silver i7 8/512GB W10H PL,https://www.senukai.lt/p/dell-inspiron-15-3593-silver-i7-8-512gb-w10h-pl/depa,963,Dell,"15.6 """,1920 x 1080,Intel® Core™ i7,Ice Lake (Intel),DDR4,8,512,Iris Plus,Dynamic
Lenovo Ideapad L340-17API Black R3 4/256GB W10H PL,https://www.senukai.lt/p/lenovo-ideapad-l340-17api-black-r3-4-256gb-w10h-pl/dvh2,595.49,Lenovo,"17.3 """,1920 x 1080,AMD Ryzen 3,AMD Ryzen™ (AMD),DDR4,4,256,Radeon Vega 3,Dynamic
Lenovo Ideapad C340-14API Black 81N600ATPB PL,https://www.senukai.lt/p/lenovo-ideapad-c340-14api-black-81n600atpb-pl/e8p3,632.16,Lenovo,"14 """,1920 x 1080,AMD Ryzen 3,AMD Ryzen™ (AMD),DDR4,8,256,Radeon Vega 3,Dynamic
Lenovo Legion Y540-15IRH 81SX00PSPB,https://www.senukai.lt/p/lenovo-legion-y540-15irh-81sx00pspb/dzch,1338.99,Lenovo,"15.6 """,1920 x 1080,Intel® Core™ i7,Coffee Lake (Intel),DDR4,8,512,GeForce RTX 2060,6 GB GDDR6
Asus TUF Gaming A15 FA506IV-AL014 Grey PL,https://www.senukai.lt/p/asus-tuf-gaming-a15-fa506iv-al014-grey-pl/f76i,1274.99,Asus,"15.6 """,1920 x 1080,AMD Ryzen 7,AMD Ryzen™ (AMD),DDR4,16,512,GeForce RTX 2060,6 GB GDDR6
Lenovo Legion Y540-15IRH 81SX0113PB PL,https://www.senukai.lt/p/lenovo-legion-y540-15irh-81sx0113pb-pl/emun,1315.49,Lenovo,"15.6 """,1920 x 1080,Intel® Core™ i7,Coffee Lake (Intel),DDR4,8,512,GeForce GTX 1660 Ti,6 GB GDDR6
Lenovo Legion Y540-15IRH 81SY00Q7PB PL,https://www.senukai.lt/p/lenovo-legion-y540-15irh-81sy00q7pb-pl/eja7,901.49,Lenovo,"15.6 """,1920 x 1080,Intel® Core™ i7,Coffee Lake (Intel),DDR4,8,256,GeForce GTX 1650,4 GB GDDR5
MSI GL65 Leopard 10SER-012XPL PL,https://www.senukai.lt/p/msi-gl65-leopard-10ser-012xpl-pl/eb96,1288.99,MSI,"15.6 """,1920 x 1080,Intel® Core™ i7,Comet Lake (Intel),DDR4,8,512,GeForce RTX 2060,6 GB GDDR6
Lenovo Legion 5-15ARH 82B500A5PB PL,https://www.senukai.lt/p/lenovo-legion-5-15arh-82b500a5pb-pl/ezvu,1193.49,Lenovo,"15.6 """,1920 x 1080,AMD Ryzen 7,,DDR4,8,1000,GeForce GTX 1650,4 GB GDDR6
Lenovo Legion 5-15IMH 82AU00AGPB PL,https://www.senukai.lt/p/lenovo-legion-5-15imh-82au00agpb-pl/ezwc,1144.99,Lenovo,"15.6 """,1920 x 1080,Intel® Core™ i7,Comet Lake (Intel),DDR4,8,256,GeForce GTX 1650,4 GB GDDR6
Lenovo Legion Y540-15IRH 81SX00Q8PB PL,https://www.senukai.lt/p/lenovo-legion-y540-15irh-81sx00q8pb-pl/epck,1120.3,Lenovo,"15.6 """,1920 x 1080,Intel® Core™ i5,Coffee Lake (Intel),DDR4,8,256,GeForce RTX 2060,6 GB GDDR6
Acer Nitro 5 AN517-51 Black NH.Q5CEP.032 PL,https://www.senukai.lt/p/acer-nitro-5-an517-51-black-nh-q5cep-032-pl/djdm,1097.24,Acer,"17.3 """,1920 x 1080,Intel® Core™ i7,Coffee Lake (Intel),DDR4,8,256,GeForce GTX 1650,4 GB GDDR5
Lenovo Legion Y540-15IRH-PG0 81SY00QWPB PL,https://www.senukai.lt/p/lenovo-legion-y540-15irh-pg0-81sy00qwpb-pl/eono,1087,Lenovo,"15.6 """,1920 x 1080,Intel® Core™ i7,Coffee Lake (Intel),DDR4,8,1000,GeForce GTX 1650,4 GB GDDR5
Lenovo IdeaPad L340-15IRH Gaming 81LK01BRPB PL,https://www.senukai.lt/p/lenovo-ideapad-l340-15irh-gaming-81lk01brpb-pl/ejg9,1078.99,Lenovo,"15.6 """,1920 x 1080,Intel® Core™ i7,Coffee Lake (Intel),DDR4,8,512,GeForce GTX 1650,4 GB GDDR5
Lenovo Yoga 920-13 Platinum 80Y700G6PB,https://www.senukai.lt/p/lenovo-yoga-920-13-platinum-80y700g6pb/ar62,1071.53,Lenovo,"13.9 """,1920 x 1080,Intel® Core™ i7,Kaby Lake R (Intel),DDR4,8,256,Intel® UHD Graphics 620,Dynamic
Nešiojamas kompiuteris Dell 15 3593 I3 Silver DOS,https://www.senukai.lt/p/nesiojamas-kompiuteris-dell-15-3593-i3-silver-dos/f2lf,549,Dell,"15.6 """,1080x1920,Intel® Core™ i3,,DDR4,8,512,Intel UHD Graphics,
Lenovo Legion Y540-15IRH 81SX00PRPB,https://www.senukai.lt/p/lenovo-legion-y540-15irh-81sx00prpb/dvek,1036.91,Lenovo,"15.6 """,1920 x 1080,Intel® Core™ i7,Coffee Lake (Intel),DDR4,8,256,GeForce GTX 1660 Ti,6 GB GDDR6
Dell G3 15 3500-4243 Black PL,https://www.senukai.lt/p/dell-g3-15-3500-4243-black-pl/epnk,1017,Dell,"15.6 """,1920 x 1080,Intel® Core™ i5,Coffee Lake (Intel),DDR4,8,512,GeForce GTX 1650 Ti,4 GB GDDR5
Lenovo IdeaPad L340-15IRH Gaming 81LK01CFPB PL,https://www.senukai.lt/p/lenovo-ideapad-l340-15irh-gaming-81lk01cfpb-pl/eh8x,1022.99,Lenovo,"15.6 """,1920 x 1080,Intel® Core™ i7,Coffee Lake (Intel),DDR4,8,512,GeForce GTX 1650,4 GB GDDR5
Lenovo IdeaPad L340-15IRH Gaming 81LK00B2PB,https://www.senukai.lt/p/lenovo-ideapad-l340-15irh-gaming-81lk00b2pb/cktj,742.08,Lenovo,"15.6 """,1920 x 1080,Intel® Core™ i5,Coffee Lake (Intel),DDR4,8,256,GeForce GTX 1650,4 GB GDDR5
Lenovo Yoga S730-13 Platinum 81J00085PB PL,https://www.senukai.lt/p/lenovo-yoga-s730-13-platinum-81j00085pb-pl/d837,1004.99,Lenovo,"13.3 """,1920 x 1080,Intel® Core™ i7,Whiskey Lake (Intel),DDR3L,8,512,Intel® UHD Graphics 620,
Lenovo ThinkBook 14 Grey 20SL000LMH,https://www.senukai.lt/p/lenovo-thinkbook-14-grey-20sl000lmh/e8vv,1000,Lenovo,"14 """,1920 x 1080,Intel® Core™ i7,Ice Lake (Intel),DDR4,16,512,Iris Plus,Dynamic
Dell Vostro 3591 Black N5007VN3591EMEA01_2101 PL,https://www.senukai.lt/p/dell-vostro-3591-black-n5007vn3591emea01_2101-pl/ed0u,998.99,Dell,"15.6 """,1920 x 1080,Intel® Core™ i5,Coffee Lake (Intel),DDR4,8,512,GeForce MX230,4 GB GDDR5
Lenovo Legion Y540-15IRH 81SY00QUPB PL,https://www.senukai.lt/p/lenovo-legion-y540-15irh-81sy00qupb-pl/emtg,997,Lenovo,"15.6 """,1920 x 1080,Intel® Core™ i7,Coffee Lake (Intel),DDR4,8,256,GeForce GTX 1650,4 GB GDDR5
Lenovo IdeaPad L340-15IRH Gaming 81LK01BTPB PL,https://www.senukai.lt/p/lenovo-ideapad-l340-15irh-gaming-81lk01btpb-pl/ennl,995.99,Lenovo,"15.6 """,1920 x 1080,Intel® Core™ i7,Coffee Lake (Intel),DDR4,8,256,GeForce GTX 1050,3 GB GDDR5
MSI GL65 Leopard 10 10SCXR-009XPL,https://www.senukai.lt/p/msi-gl65-leopard-10-10scxr-009xpl/ex8w,944,MSI,"15.6 """,1920 x 1080,Intel® Core™ i7,Comet Lake (Intel),DDR4,8,256,GeForce GTX 1650,4 GB GDDR6
Lenovo Ideapad L340-17IRH Gaming Black 81LK00AYPB PL,https://www.senukai.lt/p/lenovo-ideapad-l340-17irh-gaming-black-81lk00aypb-pl/e3md,929,Lenovo,"15.6 """,1920 x 1080,Intel® Core™ i7,Coffee Lake (Intel),DDR4,8,256,GeForce GTX 1050M,3 GB GDDR5
"Microsoft Surface Laptop 3 15"" Platinum V4G-00008",https://www.senukai.lt/p/microsoft-surface-laptop-3-15-platinum-v4g-00008/eb5i,1369.91,Microsoft,"15 """,,AMD Ryzen 5,AMD Ryzen™ (AMD),DDR4,8,128,Radeon Vega 9,Dynamic
Lenovo Ideapad L340-17IRH Gaming Black 81LL00EAPB PL,https://www.senukai.lt/p/lenovo-ideapad-l340-17irh-gaming-black-81ll00eapb-pl/eg6r,928.99,Lenovo,"17.3 """,1920 x 1080,Intel® Core™ i5,Coffee Lake (Intel),DDR4,8,512,GeForce GTX 1650,4 GB GDDR5
Lenovo ThinkPad T590 Black 20N5S42200,https://www.senukai.lt/p/lenovo-thinkpad-t590-black-20n5s42200/f8cu,819.09,Lenovo,"15.6 """,1920 x 1080,Intel® Core™ i5,Whiskey Lake (Intel),DDR4,8,256,Intel UHD Graphics,Dynamic
Dell Latitude 5300 2-in-1 Black i5 8/256GB W10P,https://www.senukai.lt/p/dell-latitude-5300-2-in-1-black-i5-8-256gb-w10p/d8yt,915,Dell,"13.3 """,1920 x 1080,Intel® Core™ i5,Whiskey Lake (Intel),DDR4,8,256,Intel HD Graphics,Dynamic
Lenovo ThinkPad E14 Gen 2 Black 20T6000KMH,https://www.senukai.lt/p/lenovo-thinkpad-e14-gen-2-black-20t6000kmh/ep7n,907,Lenovo,"14 """,1920 x 1080,AMD Ryzen 7,AMD Ryzen™ (AMD),DDR4,16,256,,Dynamic
Lenovo ThinkBook 15 IIL 20SM000HMH,https://www.senukai.lt/p/lenovo-thinkbook-15-iil-20sm000hmh/ezx5,865,Lenovo,"15.6 """,1920 x 1080,Intel® Core™ i5,Ice Lake (Intel),SODIMM,16,512,Intel UHD Graphics,Dynamic
Lenovo IdeaPad 3-15IMH Gaming 81Y400J6PB,https://www.senukai.lt/p/lenovo-ideapad-3-15imh-gaming-81y400j6pb/ezyf,861.99,Lenovo,"15.6 """,1920 x 1080,Intel® Core™ i5,Ice Lake (Intel),DDR4,8,512,GeForce GTX 1650,4 GB GDDR6
Dell Vostro 3591 Black i5 8/256GB W10P PL,https://www.senukai.lt/p/dell-vostro-3591-black-i5-8-256gb-w10p-pl/e930,859,Dell,"15.6 """,1920 x 1080,Intel® Core™ i5,Ice Lake (Intel),DDR4,8,256,Intel UHD Graphics,Dynamic
Kompiuteris nešiojamas Asus Vivobook S15 R5 W10,https://www.senukai.lt/p/kompiuteris-nesiojamas-asus-vivobook-s15-r5-w10/f48x,899,Asus,"15.6 """,1080x1920,AMD Ryzen 5,AMD Ryzen™ (AMD),DDR4,8,512,AMD Graphics,Dynamic
Dell Vostro 3590 Black i5 8/1TB UHD DVD W10Pro,https://www.senukai.lt/p/dell-vostro-3590-black-i5-8-1tb-uhd-dvd-w10pro/ddoh,836,Dell,"15.6 """,1920 x 1080,Intel® Core™ i5,Coffee Lake (Intel),DDR4,8,0,Intel UHD Graphics,Dynamic
Dell Latitude 3500 Black 53651283/2 PL,https://www.senukai.lt/p/dell-latitude-3500-black-53651283-2-pl/f605,743,Dell,"15.6 """,1920 x 1080,Intel® Core™ i3,Whiskey Lake (Intel),DDR4,8,256,Intel® UHD Graphics 620,Dynamic
Dell Vostro 3590 Black i3 8GB 256GB W10P,https://www.senukai.lt/p/dell-vostro-3590-black-i3-8gb-256gb-w10p/enor,778.99,Dell,"15.6 """,1920 x 1080,Intel® Core™ i3,Comet Lake (Intel),DDR4,8,256,Intel UHD Graphics,Dynamic
HP Pavilion 15-cs3051nw Silver 155W1EA PL,https://www.senukai.lt/p/hp-pavilion-15-cs3051nw-silver-155w1ea-pl/eo4t,763.36,HP,"15.6 """,1920 x 1080,Intel® Core™ i5,Ice Lake (Intel),DDR4,8,512,Intel UHD Graphics,Dynamic
Nešiojamas kompiuteris Asus VivoBook 15 X509JA-BQ023T,https://www.senukai.lt/p/nesiojamas-kompiuteris-asus-vivobook-15-x509ja-bq023t/efk8,749,Asus,"15.6 """,1920 x 1080,Intel® Core™ i5,Ice Lake (Intel),SODIMM,8,512,Intel UHD Graphics,Dynamic
Lenovo IdeaPad L340-15IRH Gaming 81LK01KJPB,https://www.senukai.lt/p/lenovo-ideapad-l340-15irh-gaming-81lk01kjpb/ex6h,741.99,Lenovo,"15.6 """,1920 x 1080,Intel® Core™ i5,Coffee Lake (Intel),DDR4,8,512,GeForce GTX 1050M,3 GB GDDR5
Lenovo IdeaPad L340-15IRH Gaming 81LK00AUPB,https://www.senukai.lt/p/lenovo-ideapad-l340-15irh-gaming-81lk00aupb/ckti,714.51,Lenovo,"15.6 """,1920 x 1080,Intel® Core™ i5,Coffee Lake (Intel),DDR4,8,256,GeForce GTX 1050,3 GB GDDR5
Huawei Honor MagicBook Space Gray 53010WKX,https://www.senukai.lt/p/huawei-honor-magicbook-space-gray-53010wkx/f4uu,643.01,Huawei,"14 """,1920 x 1080,AMD Ryzen 5,AMD Ryzen™ (AMD),DDR4,8,512,Radeon Vega 8,Dynamic
Lenovo IdeaPad 3-15IIL Grey 81WE005EPB PL,https://www.senukai.lt/p/lenovo-ideapad-3-15iil-grey-81we005epb-pl/ep80,653.05,Lenovo,"15.6 """,1920 x 1080,Intel® Core™ i5,Ice Lake (Intel),DDR4,8,512,Intel UHD Graphics,Dynamic
Lenovo IdeaPad 3-15ADA 81W100B7PB PL,https://www.senukai.lt/p/lenovo-ideapad-3-15ada-81w100b7pb-pl/f6u9,600.11,Lenovo,"15.6 """,1920 x 1080,AMD Ryzen 3,,DDR4,8,512,,Dynamic
Nešiojamas kompiuteris Lenovo V15-iwl i5,https://www.senukai.lt/p/nesiojamas-kompiuteris-lenovo-v15-iwl-i5/eh8p,749,Lenovo,"15.6 """,1920x1080,Intel® Core™ i5,,DDR4,8,512,Intel HD Graphics,
Prestigio SmartBook 141 C3 2/64GB W10H ENG/RU Dark Grey,https://www.senukai.lt/p/prestigio-smartbook-141-c3-2-64gb-w10h-eng-ru-dark-grey/ceel,199,Prestigio,"14.1 """,1366 x 768,Intel® Atom™,Cherry Trail (Intel),DDR,2,64,Intel HD Graphics 400,Dynamic
Asus VivoBook 15 M509DA-EJ034T Silver PL,https://www.senukai.lt/p/asus-vivobook-15-m509da-ej034t-silver-pl/eq8l,594,Asus,"15.6 """,1920 x 1080,AMD Ryzen 5,AMD Ryzen™ (AMD),,8,256,Radeon Vega 8,Dynamic
Nešiojamas kompiuteris Prestigio SmartBook PSB133S pilka,https://www.senukai.lt/p/nesiojamas-kompiuteris-prestigio-smartbook-psb133s-pilka/5uwh,319,Prestigio,"13.3 """,1920 x 1080,Celeron®,Apollo Lake (Intel),DDR3,4,32,Intel HD Graphics 500,Dynamic
HP 250 G7 Black 7DC18EA PL,https://www.senukai.lt/p/hp-250-g7-black-7dc18ea-pl/emxx,624.99,HP,"15.6 """,1920 x 1080,Intel® Core™ i3,Kaby Lake R (Intel),DDR4,4,256,Intel® UHD Graphics 620,Dynamic
Nešiojamasis kompiuteris ASUS X509JA-BQ039T I3,https://www.senukai.lt/p/nesiojamasis-kompiuteris-asus-x509ja-bq039t-i3/e4yg,599,Asus,"15.6 """,1920 x 1080,Intel® Core™ i3,Ice Lake (Intel),DDR4,4,256,Intel HD Graphics,Dynamic
Lenovo Ideapad C340-14API Black 81N6004DPB PL,https://www.senukai.lt/p/lenovo-ideapad-c340-14api-black-81n6004dpb-pl/d4yv,561,Lenovo,"14 """,1920 x 1080,AMD Athlon,AMD Athlon™ (AMD),DDR4,4,256,Radeon Vega 3,Dynamic
Nešiojamas kompiuteris Lenovo S340-14 Ryzen 5,https://www.senukai.lt/p/nesiojamas-kompiuteris-lenovo-s340-14-ryzen-5/eeoq,629,Lenovo,"15.6 """,1080x1920,AMD Ryzen 5,,DDR4,8,512,AMD Graphics,
Nešiojamas kompiuteris Denver NBW-11604N Silver,https://www.senukai.lt/p/nesiojamas-kompiuteris-denver-nbw-11604n-silver/egmy,218.99,Denver,"11.6 """,1920 x 1080,Intel® Atom™,Cherry Trail (Intel),DDR3L,2,32,Intel HD Graphics,Dynamic
Asus ROG Zephyrus G GA502IV-AZ007,https://www.senukai.lt/p/asus-rog-zephyrus-g-ga502iv-az007/f76f,1478.99,Asus,"15.6 """,1920 x 1080,AMD Ryzen 7,AMD Ryzen™ (AMD),DDR4,16,512,,6 GB GDDR6
Nešiojamas kompiuteris Dell 15 5501 Silver I5 W10,https://www.senukai.lt/p/nesiojamas-kompiuteris-dell-15-5501-silver-i5-w10/f2ya,849,Dell,"15.6 """,1080x1920,Intel® Core™ i5,,DDR4,8,512,Intel UHD Graphics,
Lenovo IdeaPad 3-14ADA Grey 81W0006KMH,https://www.senukai.lt/p/lenovo-ideapad-3-14ada-grey-81w0006kmh/f8da,398.99,Lenovo,"14 """,1920 x 1080,,,DDR4,4,128,,Dynamic
Asus VivoBook Flip 14 TP412FA-EC661T Touch PL,https://www.senukai.lt/p/asus-vivobook-flip-14-tp412fa-ec661t-touch-pl/f4uv,688.99,Asus,"14 """,1920 x 1080,Intel® Core™ i3,Comet Lake (Intel),DDR4,8,256,Intel UHD Graphics,Dynamic
Asus ROG Zephyrus S GX701LV-HG008T PL,https://www.senukai.lt/p/asus-rog-zephyrus-s-gx701lv-hg008t-pl/f2ve,2298.99,Asus,"17.3 """,1920 x 1080,Intel® Core™ i7,Coffee Lake (Intel),DDR4,16,1000,GeForce RTX 2060,6 GB GDDR6
Lenovo Legion 5-15ARH 82B500A2PB PL,https://www.senukai.lt/p/lenovo-legion-5-15arh-82b500a2pb-pl/ezxj,1047.49,Lenovo,"15.6 """,1920 x 1080,AMD Ryzen 5,,DDR4,8,512,GeForce GTX 1650,4 GB GDDR6
Kompiuteris nešiojamas DELL Vostro 3491 i3 W10,https://www.senukai.lt/p/kompiuteris-nesiojamas-dell-vostro-3491-i3-w10/f3mh,649,Dell,"14 """,1080x1920,Intel® Core™ i3,,DDR4,8,256,Intel HD Graphics,
HP Pavilion 15 Black 9CK32EA,https://www.senukai.lt/p/hp-pavilion-15-black-9ck32ea/f2vm,555,HP,"15.6 """,1920 x 1080,AMD Ryzen 3,AMD Ryzen™ (AMD),DDR4,8,256,Intel UHD Graphics,Dynamic
Nešiojamas kompiuteris Dell 15 3593 I5 Sidabrinė W10,https://www.senukai.lt/p/nesiojamas-kompiuteris-dell-15-3593-i5-sidabrine-w10/f2ld,759,Dell,"15.6 """,1080x1920,Intel® Core™ i5,,DDR4,8,256,GeForce MX230,2 GB GDDR5
Asus ROG Zephyrus M GU502LW-AZ057T PL,https://www.senukai.lt/p/asus-rog-zephyrus-m-gu502lw-az057t-pl/f49m,1903,Asus,"15.6 """,3840 x 2160,Intel® Core™ i7,Comet Lake (Intel),DDR4,16,1000,GeForce RTX 2070 Max-Q,8 GB GDDR6
HP 17-ca2004nw 226R6EA,https://www.senukai.lt/p/hp-17-ca2004nw-226r6ea/f7vo,525.29,HP,"17.3 """,1600 x 900,AMD Athlon,AMD Athlon™ (AMD),DDR4,8,256,Radeon 530,2 GB GDDR5
Asus TUF Gaming FX505GT-BQ018 PL,https://www.senukai.lt/p/asus-tuf-gaming-fx505gt-bq018-pl/f6vi,848.99,Asus,"15.6 """,1920 x 1080,Intel® Core™ i5,Coffee Lake (Intel),DDR4,8,512,GeForce GTX 1650,4 GB GDDR5
Lenovo IdeaPad S145-14IWL 81MU007NUS_8_256 PL,https://www.senukai.lt/p/lenovo-ideapad-s145-14iwl-81mu007nus_8_256-pl/ezyp,529.23,Lenovo,"14 """,1366 x 768,Pentium®,Whiskey Lake (Intel),,8,256,Intel UHD Graphics 610,Dynamic
HP 255 G7 3C137EA PL,https://www.senukai.lt/p/hp-255-g7-3c137ea-pl/f8b9,631.26,HP,"15.6 """,1920 x 1080,AMD Ryzen 5,AMD Ryzen™ (AMD),DDR4,8,512,Radeon Vega 8,Dynamic
MSI GL75 9SCXR-040XPL PL,https://www.senukai.lt/p/msi-gl75-9scxr-040xpl-pl/f5ys,878,MSI,"17.3 """,1920 x 1080,Intel® Core™ i5,Coffee Lake (Intel),DDR4,8,512,GeForce GTX 1650,4 GB GDDR5
Asus VivoBook Flip 14 TM420IA Bespoke Black TM420IA-EC028T PL,https://www.senukai.lt/p/asus-vivobook-flip-14-tm420ia-bespoke-black-tm420ia-ec028t-pl/f76o,804.99,Asus,"14 """,1920 x 1080,AMD Ryzen 5,AMD Ryzen™ (AMD),DDR4,8,512,,Dynamic
MSI GE63 Raider RGB 882DX,https://www.senukai.lt/p/msi-ge63-raider-rgb-882dx/f6vh,1514.97,MSI,"15.6 """,1920 x 1080,Intel® Core™ i7,Coffee Lake (Intel),DDR4,32,512,GeForce RTX 2060,6 GB GDDR6
Kompiuteris Lenovo Legion 5 I5 W10,https://www.senukai.lt/p/kompiuteris-lenovo-legion-5-i5-w10/f5bt,1149,Lenovo,"15.6 """,1080x1920,Intel® Core™ i5,,DDR4,8,512,GeForce GTX 1660 Ti,
Kompiuteris Lenovo S145-15ikb I3 W10,https://www.senukai.lt/p/kompiuteris-lenovo-s145-15ikb-i3-w10/f5bl,549,Lenovo,"15.6 """,1080x1920,Intel® Core™ i3,,DDR4,4,128,GeForce MX110,
Huawei MateBook X Pro 2020 Gray 53010VVN,https://www.senukai.lt/p/huawei-matebook-x-pro-2020-gray-53010vvn/f0cd,1761,Huawei,"13.9 """,3000 x 2000,Intel® Core™ i7,Comet Lake (Intel),LPDDR3,16,1000,GeForce MX250,2 GB GDDR5
Lenovo Legion 5-15IMH 81Y600BQPB PL,https://www.senukai.lt/p/lenovo-legion-5-15imh-81y600bqpb-pl/ezy6,1248.99,Lenovo,"15.6 """,1920 x 1080,Intel® Core™ i7,Comet Lake (Intel),DDR4,8,512,GeForce GTX 1660 Ti,4 GB GDDR6
Lenovo Legion 5-15ARH Black 82B500AKPB PL,https://www.senukai.lt/p/lenovo-legion-5-15arh-black-82b500akpb-pl/f6uv,928.99,Lenovo,"15.6 """,1920 x 1080,AMD Ryzen 7,AMD Ryzen™ (AMD),DDR4,8,256,GeForce GTX 1650,4 GB GDDR6
Lenovo Ideapad S540-14API 81NH003VPB,https://www.senukai.lt/p/lenovo-ideapad-s540-14api-81nh003vpb/f412,594.47,Lenovo,"14 """,1920 x 1080,AMD Ryzen 5,AMD Ryzen™ (AMD),DDR4,8,512,Radeon Vega 8,Dynamic
Asus ROG Zephyrus G GA502IV-AZ007T,https://www.senukai.lt/p/asus-rog-zephyrus-g-ga502iv-az007t/f76g,1613.15,Asus,"15.6 """,1920 x 1080,AMD Ryzen 7,AMD Ryzen™ (AMD),DDR4,16,512,,6 GB GDDR6
MSI GL75 9SDR-297XPL,https://www.senukai.lt/p/msi-gl75-9sdr-297xpl/f5yv,1133,MSI,"17.3 """,1920 x 1080,Intel® Core™ i7,Coffee Lake (Intel),DDR4,8,512,GeForce GTX 1660 Ti,6 GB GDDR6
Lenovo V14 Grey 82C400UUMX PL,https://www.senukai.lt/p/lenovo-v14-grey-82c400uumx-pl/f120,583.99,Lenovo,"14 """,1920 x 1080,Intel® Core™ i3,Ice Lake (Intel),DDR4,8,256,Intel UHD Graphics,Dynamic
HP 14-dk0013nw,https://www.senukai.lt/p/hp-14-dk0013nw/f08f,438.66,HP,"14 """,1366 x 768,AMD A-Series,Stoney Ridge (AMD),DDR4,4,128,Radeon R4 (Integrated),Dynamic
ASUS VivoBook S Black S333JA-EG024T PL,https://www.senukai.lt/p/asus-vivobook-s-black-s333ja-eg024t-pl/f08e,838.99,Asus,"13.3 """,1920 x 1080,Intel® Core™ i5,Ice Lake (Intel),DDR4,8,512,Intel UHD Graphics,Dynamic
Lenovo Legion Y540-15 81SX0114PB,https://www.senukai.lt/p/lenovo-legion-y540-15-81sx0114pb/ezyu,1388.99,Lenovo,"15.6 """,1920 x 1080,Intel® Core™ i7,Coffee Lake (Intel),DDR4,8,1000,GeForce RTX 2060,6 GB GDDR6
MSI GF65 Thin 9SEXR-825XPL,https://www.senukai.lt/p/msi-gf65-thin-9sexr-825xpl/f8d0,1027.86,MSI,"15.6 """,1920 x 1080,Intel® Core™ i5,Coffee Lake (Intel),DDR4,8,512,GeForce RTX 2060,6 GB GDDR6
MSI GT76 Titan 10SGS-028NL,https://www.senukai.lt/p/msi-gt76-titan-10sgs-028nl/f76c,4698,MSI,"17.3 """,3840 x 2160,Intel® Core™ i7,Comet Lake (Intel),DDR4,32,1000,GeForce RTX 2080 SUPER,8 GB GDDR6
MSI GL75 Leopard 10SEK-022XPL,https://www.senukai.lt/p/msi-gl75-leopard-10sek-022xpl/f3tm,1564.99,MSI,"17.3 """,1920 x 1080,Intel® Core™ i5,Coffee Lake (Intel),DDR4,8,512,GeForce RTX 2060,6 GB GDDR6
HP 17-ca1014nw 225Y1EA PL,https://www.senukai.lt/p/hp-17-ca1014nw-225y1ea-pl/f8cc,703.11,HP,"17.3 """,1920 x 1080,AMD Ryzen 5,AMD Ryzen™ (AMD),DDR4,8,256,Radeon Vega 8,Dynamic
Asus ROG Strix SCAR III G531GW-ES358T PL,https://www.senukai.lt/p/asus-rog-strix-scar-iii-g531gw-es358t-pl/f76k,1801.09,Asus,"15.6 """,1920 x 1080,Intel® Core™ i7,Coffee Lake (Intel),DDR4,16,512,GeForce RTX 2070,8 GB GDDR6
Lenovo Ideapad 330-15 Black 81D100S3EU PL,https://www.senukai.lt/p/lenovo-ideapad-330-15-black-81d100s3eu-pl/f6w3,488.12,Lenovo,"15.6 """,1366 x 768,Celeron®,Kaby Lake R (Intel),DDR4,4,0,Intel® UHD Graphics 600,Dynamic
Dell G5 15 5500-4762 Black,https://www.senukai.lt/p/dell-g5-15-5500-4762-black/f604,1231,Dell,"15.6 """,1920 x 1080,Intel® Core™ i7,Comet Lake (Intel),DDR4,16,512,GeForce GTX 1650 Ti,4 GB GDDR6
Lenovo IdeaPad 1-14 Silver 81VU0037PB,https://www.senukai.lt/p/lenovo-ideapad-1-14-silver-81vu0037pb/f48z,452.99,Lenovo,"14 """,1920 x 1080,Pentium®,,DDR4,4,128,Intel UHD Graphics,Dynamic
Asus ROG Zephyrus S GX701LWS-HG019T 300Hz PL,https://www.senukai.lt/p/asus-rog-zephyrus-s-gx701lws-hg019t-300hz-pl/f2wt,2598.99,Asus,"17.3 """,1920 x 1080,Intel® Core™ i7,Coffee Lake (Intel),DDR4,16,1000,GeForce RTX 2070 Super,8 GB GDDR6
Samsung Galaxy Book S Gold NP767XCM-K02IT,https://www.senukai.lt/p/samsung-galaxy-book-s-gold-np767xcm-k02it/f127,1045,Samsung,"13.3 """,1920 x 1080,Intel® Core™ i5,,LPDDR4,8,256,Intel UHD Graphics,Dynamic
Lenovo Legion 5-15IMH 82AU00AKPB,https://www.senukai.lt/p/lenovo-legion-5-15imh-82au00akpb/ezxz,1008.99,Lenovo,"15.6 """,1920 x 1080,Intel® Core™ i5,Comet Lake (Intel),DDR4,8,512,GeForce GTX 1650 Ti,4 GB GDDR6
Lenovo Ideapad Flex 5 14ARE Graphite Grey 81X20084PB PL,https://www.senukai.lt/p/lenovo-ideapad-flex-5-14are-graphite-grey-81x20084pb-pl/f8c3,706.49,Lenovo,"14 """,1920 x 1080,AMD Ryzen 3,AMD Ryzen™ (AMD),DDR4,8,256,,Dynamic
Lenovo IdeaPad 3-14ADA Grey 81W00061PB PL,https://www.senukai.lt/p/lenovo-ideapad-3-14ada-grey-81w00061pb-pl/f6w0,585.99,Lenovo,"14 """,1920 x 1080,AMD Athlon,AMD Athlon™ (AMD),DDR4,8,256,,Dynamic
Lenovo ThinkBook 13s 20RR0007MX,https://www.senukai.lt/p/lenovo-thinkbook-13s-20rr0007mx/f0cj,838.99,Lenovo,"13.3 """,1920 x 1080,Intel® Core™ i5,Comet Lake (Intel),DDR4,8,256,Intel UHD Graphics,Dynamic
Lenovo Legion 5-15ARH 82B500A3PB PL,https://www.senukai.lt/p/lenovo-legion-5-15arh-82b500a3pb-pl/ezxk,1115,Lenovo,"15.6 """,1920 x 1080,AMD Ryzen 7,,DDR4,8,512,GeForce GTX 1650,4 GB GDDR6
HP Omen 15-ek0024nw 230Z0EA,https://www.senukai.lt/p/hp-omen-15-ek0024nw-230z0ea/f8ln,1538.18,HP,"15.6 """,1920 x 1080,Intel® Core™ i7,Comet Lake (Intel),,16,512,GeForce RTX 2060,6 GB GDDR6
Lenovo Legion 5-17 82B3004PPB,https://www.senukai.lt/p/lenovo-legion-5-17-82b3004ppb/f5z2,1045,Lenovo,"17.3 """,1920 x 1080,Intel® Core™ i5,Comet Lake (Intel),DDR4,8,512,GeForce GTX 1650 Ti,4 GB GDDR6
Lenovo IdeaPad 5-14ARE Platinum Gray 81YM0070PB PL,https://www.senukai.lt/p/lenovo-ideapad-5-14are-platinum-gray-81ym0070pb-pl/f2xh,724.99,Lenovo,"14 """,1920 x 1080,AMD Ryzen 5,,DDR4,8,512,Radeon Vega 6,Dynamic
Lenovo Legion 5-15IMH 82AU00ADPB,https://www.senukai.lt/p/lenovo-legion-5-15imh-82au00adpb/f11p,929,Lenovo,"15.6 """,1920 x 1080,Intel® Core™ i5,Comet Lake (Intel),DDR4,8,512,GeForce GTX 1650,4 GB GDDR6
Lenovo IdeaPad S145-15 81UT003WUS PL,https://www.senukai.lt/p/lenovo-ideapad-s145-15-81ut003wus-pl/ezxo,698.99,Lenovo,"15.6 """,1920 x 1080,AMD Ryzen 5,Ice Lake (Intel),DDR4,8,256,,Dynamic
Lenovo ThinkPad X1 Carbon 8th Gen 20KKS2AC1C PL,https://www.senukai.lt/p/lenovo-thinkpad-x1-carbon-8th-gen-20kks2ac1c-pl/f9dc,1190.24,Lenovo,"14 """,1920 x 1080,Intel® Core™ i5,Comet Lake (Intel),LPDDR3,8,256,Intel UHD Graphics,Dynamic
HP 15-dw2009nw 25Q21EA,https://www.senukai.lt/p/hp-15-dw2009nw-25q21ea/f8dn,715.24,HP,"15.6 """,1920 x 1080,Intel® Core™ i5,Ice Lake (Intel),DDR4,8,512,GeForce MX330,2 GB GDDR5
MSI GP75 Leopard 10SDK-024XPL PL,https://www.senukai.lt/p/msi-gp75-leopard-10sdk-024xpl-pl/f8bo,1455.24,MSI,"17.3 """,1920 x 1080,Intel® Core™ i7,Comet Lake (Intel),DDR4,8,512,GeForce GTX 1660 Ti,6 GB GDDR6
Lenovo IdeaPad 5-15ILL Graphite Black 81YK00F9PB PL,https://www.senukai.lt/p/lenovo-ideapad-5-15ill-graphite-black-81yk00f9pb-pl/f7vi,788.99,Lenovo,"15.6 """,1920 x 1080,Intel® Core™ i5,Ice Lake (Intel),DDR4,8,512,Intel UHD Graphics,Dynamic
